"","DATE","AvePRCP","LN","mean","anom","acc_sum","ddgraph"
"1",2017-01-01,0,0,0.467985131538788,-0.467985131538788,-70.5131526103477,1
"2",2017-01-02,0,0,0.467985131538788,-0.467985131538788,-70.9811377418865,2
"3",2017-01-03,2.794,1.02747426083477,0.467985131538788,0.559489129295982,-70.4216486125905,3
"4",2017-01-04,1.905,0.644482008578664,0.467985131538788,0.176496877039877,-70.2451517355506,4
"5",2017-01-05,0,0,0.467985131538788,-0.467985131538788,-70.7131368670894,5
"6",2017-01-06,6.35,1.8484548129046,0.467985131538788,1.38046968136581,-69.3326671857236,6
"7",2017-01-07,14.224,2.65493067877155,0.467985131538788,2.18694554723276,-67.1457216384908,7
"8",2017-01-08,0,0,0.467985131538788,-0.467985131538788,-67.6137067700296,8
"9",2017-01-09,0,0,0.467985131538788,-0.467985131538788,-68.0816919015684,9
"10",2017-01-10,0,0,0.467985131538788,-0.467985131538788,-68.5496770331072,10
"11",2017-01-11,0,0,0.467985131538788,-0.467985131538788,-69.017662164646,11
"12",2017-01-12,0,0,0.467985131538788,-0.467985131538788,-69.4856472961848,12
"13",2017-01-13,0,0,0.467985131538788,-0.467985131538788,-69.9536324277235,13
"14",2017-01-14,0.889,-0.117658043468232,0.467985131538788,-0.58564317500702,-70.5392756027306,14
"15",2017-01-15,0,0,0.467985131538788,-0.467985131538788,-71.0072607342694,15
"16",2017-01-16,0,0,0.467985131538788,-0.467985131538788,-71.4752458658081,16
"17",2017-01-17,0,0,0.467985131538788,-0.467985131538788,-71.9432309973469,17
"18",2017-01-18,0,0,0.467985131538788,-0.467985131538788,-72.4112161288857,18
"19",2017-01-19,0,0,0.467985131538788,-0.467985131538788,-72.8792012604245,19
"20",2017-01-20,0,0,0.467985131538788,-0.467985131538788,-73.3471863919633,20
"21",2017-01-21,0,0,0.467985131538788,-0.467985131538788,-73.8151715235021,21
"22",2017-01-22,3.81,1.33762918913861,0.467985131538788,0.869644057599822,-72.9455274659022,22
"23",2017-01-23,6.223,1.82825210558708,0.467985131538788,1.36026697404829,-71.585260491854,23
"24",2017-01-24,0,0,0.467985131538788,-0.467985131538788,-72.0532456233927,24
"25",2017-01-25,0,0,0.467985131538788,-0.467985131538788,-72.5212307549315,25
"26",2017-01-26,1.016,0.0158733491562902,0.467985131538788,-0.452111782382497,-72.973342537314,26
"27",2017-01-27,0.762,-0.271808723295491,0.467985131538788,-0.739793854834279,-73.7131363921483,27
"28",2017-01-28,0,0,0.467985131538788,-0.467985131538788,-74.1811215236871,28
"29",2017-01-29,0,0,0.467985131538788,-0.467985131538788,-74.6491066552259,29
"30",2017-01-30,0,0,0.467985131538788,-0.467985131538788,-75.1170917867647,30
"31",2017-01-31,0,0,0.467985131538788,-0.467985131538788,-75.5850769183035,31
"32",2017-02-01,0,0,0.467985131538788,-0.467985131538788,-76.0530620498422,32
"33",2017-02-02,0,0,0.467985131538788,-0.467985131538788,-76.521047181381,33
"34",2017-02-03,0,0,0.467985131538788,-0.467985131538788,-76.9890323129198,34
"35",2017-02-04,0,0,0.467985131538788,-0.467985131538788,-77.4570174444586,35
"36",2017-02-05,0,0,0.467985131538788,-0.467985131538788,-77.9250025759974,36
"37",2017-02-06,0,0,0.467985131538788,-0.467985131538788,-78.3929877075362,37
"38",2017-02-07,2.032,0.709020529716236,0.467985131538788,0.241035398177448,-78.1519523093587,38
"39",2017-02-08,17.526,2.86368549263366,0.467985131538788,2.39570036109487,-75.7562519482639,39
"40",2017-02-09,0.127,-2.06356819252355,0.467985131538788,-2.53155332406233,-78.2878052723262,40
"41",2017-02-10,0,0,0.467985131538788,-0.467985131538788,-78.755790403865,41
"42",2017-02-11,0,0,0.467985131538788,-0.467985131538788,-79.2237755354038,42
"43",2017-02-12,0,0,0.467985131538788,-0.467985131538788,-79.6917606669426,43
"44",2017-02-13,0,0,0.467985131538788,-0.467985131538788,-80.1597457984814,44
"45",2017-02-14,0,0,0.467985131538788,-0.467985131538788,-80.6277309300201,45
"46",2017-02-15,0,0,0.467985131538788,-0.467985131538788,-81.0957160615589,46
"47",2017-02-16,0,0,0.467985131538788,-0.467985131538788,-81.5637011930977,47
"48",2017-02-17,0,0,0.467985131538788,-0.467985131538788,-82.0316863246365,48
"49",2017-02-18,0.762,-0.271808723295491,0.467985131538788,-0.739793854834279,-82.7714801794708,49
"50",2017-02-19,0,0,0.467985131538788,-0.467985131538788,-83.2394653110096,50
"51",2017-02-20,0,0,0.467985131538788,-0.467985131538788,-83.7074504425483,51
"52",2017-02-21,0,0,0.467985131538788,-0.467985131538788,-84.1754355740871,52
"53",2017-02-22,3.048,1.1144856378244,0.467985131538788,0.646500506285612,-83.5289350678015,53
"54",2017-02-23,0,0,0.467985131538788,-0.467985131538788,-83.9969201993403,54
"55",2017-02-24,0.127,-2.06356819252355,0.467985131538788,-2.53155332406233,-86.5284735234027,55
"56",2017-02-25,0,0,0.467985131538788,-0.467985131538788,-86.9964586549414,56
"57",2017-02-26,0,0,0.467985131538788,-0.467985131538788,-87.4644437864802,57
"58",2017-02-27,0,0,0.467985131538788,-0.467985131538788,-87.932428918019,58
"59",2017-02-28,0,0,0.467985131538788,-0.467985131538788,-88.4004140495578,59
"60",2017-03-01,0,0,0.467985131538788,-0.467985131538788,-88.8683991810966,60
"61",2017-03-02,1.397,0.334327080274825,0.467985131538788,-0.133658051263963,-89.0020572323605,61
"62",2017-03-03,1.524,0.421338457264454,0.467985131538788,-0.0466466742743332,-89.0487039066349,62
"63",2017-03-04,0,0,0.467985131538788,-0.467985131538788,-89.5166890381737,63
"64",2017-03-05,0,0,0.467985131538788,-0.467985131538788,-89.9846741697125,64
"65",2017-03-06,0,0,0.467985131538788,-0.467985131538788,-90.4526593012512,65
"66",2017-03-07,0,0,0.467985131538788,-0.467985131538788,-90.92064443279,66
"67",2017-03-08,0,0,0.467985131538788,-0.467985131538788,-91.3886295643288,67
"68",2017-03-09,0,0,0.467985131538788,-0.467985131538788,-91.8566146958676,68
"69",2017-03-10,0,0,0.467985131538788,-0.467985131538788,-92.3245998274064,69
"70",2017-03-11,0,0,0.467985131538788,-0.467985131538788,-92.7925849589452,70
"71",2017-03-12,0.381,-0.964955903855436,0.467985131538788,-1.43294103539422,-94.2255259943394,71
"72",2017-03-13,7.239,1.979483075311,0.467985131538788,1.51149794377222,-92.7140280505672,72
"73",2017-03-14,8.255,2.11081907737209,0.467985131538788,1.6428339458333,-91.0711941047339,73
"74",2017-03-15,0,0,0.467985131538788,-0.467985131538788,-91.5391792362727,74
"75",2017-03-16,0,0,0.467985131538788,-0.467985131538788,-92.0071643678115,75
"76",2017-03-17,0,0,0.467985131538788,-0.467985131538788,-92.4751494993503,76
"77",2017-03-18,0,0,0.467985131538788,-0.467985131538788,-92.943134630889,77
"78",2017-03-19,0,0,0.467985131538788,-0.467985131538788,-93.4111197624278,78
"79",2017-03-20,0,0,0.467985131538788,-0.467985131538788,-93.8791048939666,79
"80",2017-03-21,0,0,0.467985131538788,-0.467985131538788,-94.3470900255054,80
"81",2017-03-22,0,0,0.467985131538788,-0.467985131538788,-94.8150751570442,81
"82",2017-03-23,0,0,0.467985131538788,-0.467985131538788,-95.283060288583,82
"83",2017-03-24,0,0,0.467985131538788,-0.467985131538788,-95.7510454201218,83
"84",2017-03-25,0,0,0.467985131538788,-0.467985131538788,-96.2190305516606,84
"85",2017-03-26,0,0,0.467985131538788,-0.467985131538788,-96.6870156831993,85
"86",2017-03-27,0,0,0.467985131538788,-0.467985131538788,-97.1550008147381,86
"87",2017-03-28,0,0,0.467985131538788,-0.467985131538788,-97.6229859462769,87
"88",2017-03-29,0,0,0.467985131538788,-0.467985131538788,-98.0909710778157,88
"89",2017-03-30,0,0,0.467985131538788,-0.467985131538788,-98.5589562093545,89
"90",2017-03-31,0,0,0.467985131538788,-0.467985131538788,-99.0269413408933,90
"91",2017-04-01,0,0,0.467985131538788,-0.467985131538788,-99.4949264724321,91
"92",2017-04-02,0,0,0.467985131538788,-0.467985131538788,-99.9629116039709,92
"93",2017-04-03,0,0,0.467985131538788,-0.467985131538788,-100.43089673551,93
"94",2017-04-04,33.909,3.5236804658767,0.467985131538788,3.05569533433792,-97.3752014011717,94
"95",2017-04-05,35.052,3.5568326731936,0.467985131538788,3.08884754165482,-94.2863538595169,95
"96",2017-04-06,1.778,0.575489137091713,0.467985131538788,0.107504005552925,-94.178849853964,96
"97",2017-04-07,0,0,0.467985131538788,-0.467985131538788,-94.6468349855028,97
"98",2017-04-08,0,0,0.467985131538788,-0.467985131538788,-95.1148201170416,98
"99",2017-04-09,0,0,0.467985131538788,-0.467985131538788,-95.5828052485803,99
"100",2017-04-10,0,0,0.467985131538788,-0.467985131538788,-96.0507903801191,100
"101",2017-04-11,0,0,0.467985131538788,-0.467985131538788,-96.5187755116579,101
"102",2017-04-12,0,0,0.467985131538788,-0.467985131538788,-96.9867606431967,102
"103",2017-04-13,0,0,0.467985131538788,-0.467985131538788,-97.4547457747355,103
"104",2017-04-14,0,0,0.467985131538788,-0.467985131538788,-97.9227309062743,104
"105",2017-04-15,0,0,0.467985131538788,-0.467985131538788,-98.3907160378131,105
"106",2017-04-16,0,0,0.467985131538788,-0.467985131538788,-98.8587011693519,106
"107",2017-04-17,0,0,0.467985131538788,-0.467985131538788,-99.3266863008906,107
"108",2017-04-18,0,0,0.467985131538788,-0.467985131538788,-99.7946714324294,108
"109",2017-04-19,0,0,0.467985131538788,-0.467985131538788,-100.262656563968,109
"110",2017-04-20,0,0,0.467985131538788,-0.467985131538788,-100.730641695507,110
"111",2017-04-21,0,0,0.467985131538788,-0.467985131538788,-101.198626827046,111
"112",2017-04-22,0,0,0.467985131538788,-0.467985131538788,-101.666611958585,112
"113",2017-04-23,0,0,0.467985131538788,-0.467985131538788,-102.134597090123,113
"114",2017-04-24,0,0,0.467985131538788,-0.467985131538788,-102.602582221662,114
"115",2017-04-25,0,0,0.467985131538788,-0.467985131538788,-103.070567353201,115
"116",2017-04-26,0,0,0.467985131538788,-0.467985131538788,-103.53855248474,116
"117",2017-04-27,0,0,0.467985131538788,-0.467985131538788,-104.006537616279,117
"118",2017-04-28,0,0,0.467985131538788,-0.467985131538788,-104.474522747817,118
"119",2017-04-29,0,0,0.467985131538788,-0.467985131538788,-104.942507879356,119
"120",2017-04-30,0,0,0.467985131538788,-0.467985131538788,-105.410493010895,120
"121",2017-05-01,0,0,0.467985131538788,-0.467985131538788,-105.878478142434,121
"122",2017-05-02,0,0,0.467985131538788,-0.467985131538788,-106.346463273972,122
"123",2017-05-03,0,0,0.467985131538788,-0.467985131538788,-106.814448405511,123
"124",2017-05-04,0.127,-2.06356819252355,0.467985131538788,-2.53155332406233,-109.346001729574,124
"125",2017-05-05,2.54,0.932164081030445,0.467985131538788,0.464178949491658,-108.881822780082,125
"126",2017-05-06,0.254,-1.3704210119636,0.467985131538788,-1.83840614350239,-110.720228923584,126
"127",2017-05-07,0,0,0.467985131538788,-0.467985131538788,-111.188214055123,127
"128",2017-05-08,0,0,0.467985131538788,-0.467985131538788,-111.656199186662,128
"129",2017-05-09,0,0,0.467985131538788,-0.467985131538788,-112.124184318201,129
"130",2017-05-10,0,0,0.467985131538788,-0.467985131538788,-112.592169449739,130
"131",2017-05-11,0,0,0.467985131538788,-0.467985131538788,-113.060154581278,131
"132",2017-05-12,0,0,0.467985131538788,-0.467985131538788,-113.528139712817,132
"133",2017-05-13,2.794,1.02747426083477,0.467985131538788,0.559489129295982,-112.968650583521,133
"134",2017-05-14,3.048,1.1144856378244,0.467985131538788,0.646500506285612,-112.322150077235,134
"135",2017-05-15,0,0,0.467985131538788,-0.467985131538788,-112.790135208774,135
"136",2017-05-16,0,0,0.467985131538788,-0.467985131538788,-113.258120340313,136
"137",2017-05-17,0,0,0.467985131538788,-0.467985131538788,-113.726105471852,137
"138",2017-05-18,0,0,0.467985131538788,-0.467985131538788,-114.194090603391,138
"139",2017-05-19,0,0,0.467985131538788,-0.467985131538788,-114.662075734929,139
"140",2017-05-20,0.635,-0.454130280089445,0.467985131538788,-0.922115411628233,-115.584191146558,140
"141",2017-05-21,14.986,2.70711643194212,0.467985131538788,2.23913130040333,-113.345059846154,141
"142",2017-05-22,23.495,3.15678763255478,0.467985131538788,2.68880250101599,-110.656257345138,142
"143",2017-05-23,16.51,2.80396625793204,0.467985131538788,2.33598112639325,-108.320276218745,143
"144",2017-05-24,34.163,3.53114318707829,0.467985131538788,3.06315805553951,-105.257118163206,144
"145",2017-05-25,23.114,3.14043849455325,0.467985131538788,2.67245336301446,-102.584664800191,145
"146",2017-05-26,0,0,0.467985131538788,-0.467985131538788,-103.05264993173,146
"147",2017-05-27,0,0,0.467985131538788,-0.467985131538788,-103.520635063269,147
"148",2017-05-28,0,0,0.467985131538788,-0.467985131538788,-103.988620194807,148
"149",2017-05-29,0,0,0.467985131538788,-0.467985131538788,-104.456605326346,149
"150",2017-05-30,0,0,0.467985131538788,-0.467985131538788,-104.924590457885,150
"151",2017-05-31,0.254,-1.3704210119636,0.467985131538788,-1.83840614350239,-106.762996601387,151
"152",2017-06-01,0,0,0.467985131538788,-0.467985131538788,-107.230981732926,152
"153",2017-06-02,16.891,2.82678093569821,0.467985131538788,2.35879580415942,-104.872185928767,153
"154",2017-06-03,18.288,2.90624510705245,0.467985131538788,2.43825997551367,-102.433925953253,154
"155",2017-06-04,0,0,0.467985131538788,-0.467985131538788,-102.901911084792,155
"156",2017-06-05,3.429,1.23226867348078,0.467985131538788,0.764283541941995,-102.13762754285,156
"157",2017-06-06,27.051,3.29772397318588,0.467985131538788,2.82973884164709,-99.3078887012028,157
"158",2017-06-07,81.661,4.40257653171407,0.467985131538788,3.93459140017529,-95.3732973010275,158
"159",2017-06-08,61.722,4.12264043137695,0.467985131538788,3.65465529983816,-91.7186420011894,159
"160",2017-06-09,0.381,-0.964955903855436,0.467985131538788,-1.43294103539422,-93.1515830365836,160
"161",2017-06-10,5.588,1.72062144139472,0.467985131538788,1.25263630985593,-91.8989467267276,161
"162",2017-06-11,21.082,3.048419595833,0.467985131538788,2.58043446429421,-89.3185122624334,162
"163",2017-06-12,23.749,3.16754042433104,0.467985131538788,2.69955529279225,-86.6189569696412,163
"164",2017-06-13,6.223,1.82825210558708,0.467985131538788,1.36026697404829,-85.2586899955929,164
"165",2017-06-14,1.905,0.644482008578664,0.467985131538788,0.176496877039877,-85.082193118553,165
"166",2017-06-15,1.27,0.2390169004705,0.467985131538788,-0.228968231068288,-85.3111613496213,166
"167",2017-06-16,5.207,1.65000387418076,0.467985131538788,1.18201874264197,-84.1291426069793,167
"168",2017-06-17,34.417,3.53855062835615,0.467985131538788,3.07056549681737,-81.058577110162,168
"169",2017-06-18,14.478,2.67263025587095,0.467985131538788,2.20464512433216,-78.8539319858298,169
"170",2017-06-19,22.479,3.11258154005028,0.467985131538788,2.6445964085115,-76.2093355773183,170
"171",2017-06-20,24.003,3.1781788225361,0.467985131538788,2.71019369099731,-73.499141886321,171
"172",2017-06-21,9.906,2.29314063416605,0.467985131538788,1.82515550262726,-71.6739863836937,172
"173",2017-06-22,19.558,2.97338440989008,0.467985131538788,2.5053992783513,-69.1685871053424,173
"174",2017-06-23,0.635,-0.454130280089445,0.467985131538788,-0.922115411628233,-70.0907025169707,174
"175",2017-06-24,0,0,0.467985131538788,-0.467985131538788,-70.5586876485095,175
"176",2017-06-25,0,0,0.467985131538788,-0.467985131538788,-71.0266727800482,176
"177",2017-06-26,0.635,-0.454130280089445,0.467985131538788,-0.922115411628233,-71.9487881916765,177
"178",2017-06-27,21.336,3.06039578687971,0.467985131538788,2.59241065534093,-69.3563775363356,178
"179",2017-06-28,15.494,2.74045285220971,0.467985131538788,2.27246772067092,-67.0839098156646,179
"180",2017-06-29,11.176,2.41376862195466,0.467985131538788,1.94578349041587,-65.1381263252488,180
"181",2017-06-30,11.303,2.42506817720859,0.467985131538788,1.95708304566981,-63.181043279579,181
"182",2017-07-01,1.397,0.334327080274825,0.467985131538788,-0.133658051263963,-63.3147013308429,182
"183",2017-07-02,0,0,0.467985131538788,-0.467985131538788,-63.7826864623817,183
"184",2017-07-03,0,0,0.467985131538788,-0.467985131538788,-64.2506715939205,184
"185",2017-07-04,2.413,0.880870786642895,0.467985131538788,0.412885655104107,-63.8377859388164,185
"186",2017-07-05,0,0,0.467985131538788,-0.467985131538788,-64.3057710703552,186
"187",2017-07-06,6.096,1.80763281838435,0.467985131538788,1.33964768684556,-62.9661233835096,187
"188",2017-07-07,8.382,2.12608654950288,0.467985131538788,1.65810141796409,-61.3080219655455,188
"189",2017-07-08,4.953,1.5999934536061,0.467985131538788,1.13200832206731,-60.1760136434782,189
"190",2017-07-09,8.763,2.17053831207371,0.467985131538788,1.70255318053493,-58.4734604629433,190
"191",2017-07-10,1.778,0.575489137091713,0.467985131538788,0.107504005552925,-58.3659564573904,191
"192",2017-07-11,4.572,1.51995074593256,0.467985131538788,1.05196561439378,-57.3139908429966,192
"193",2017-07-12,9.652,2.26716514776278,0.467985131538788,1.799180016224,-55.5148108267726,193
"194",2017-07-13,10.033,2.30587965994348,0.467985131538788,1.83789452840469,-53.6769162983679,194
"195",2017-07-14,2.794,1.02747426083477,0.467985131538788,0.559489129295982,-53.1174271690719,195
"196",2017-07-15,0.762,-0.271808723295491,0.467985131538788,-0.739793854834279,-53.8572210239062,196
"197",2017-07-16,0.381,-0.964955903855436,0.467985131538788,-1.43294103539422,-55.2901620593004,197
"198",2017-07-17,38.735,3.65674358408387,0.467985131538788,3.18875845254508,-52.1014036067553,198
"199",2017-07-18,11.049,2.40233992613104,0.467985131538788,1.93435479459225,-50.1670488121631,199
"200",2017-07-19,38.862,3.66001690942884,0.467985131538788,3.19203177789005,-46.975017034273,200
"201",2017-07-20,38.862,3.66001690942884,0.467985131538788,3.19203177789005,-43.782985256383,201
"202",2017-07-21,12.065,2.490308699077,0.467985131538788,2.02232356753821,-41.7606616888448,202
"203",2017-07-22,13.335,2.59039215763398,0.467985131538788,2.12240702609519,-39.6382546627496,203
"204",2017-07-23,30.48,3.41707073081845,0.467985131538788,2.94908559927966,-36.6891690634699,204
"205",2017-07-24,12.446,2.52139928614703,0.467985131538788,2.05341415460824,-34.6357549088617,205
"206",2017-07-25,2.54,0.932164081030445,0.467985131538788,0.464178949491658,-34.17157595937,206
"207",2017-07-26,3.429,1.23226867348078,0.467985131538788,0.764283541941996,-33.407292417428,207
"208",2017-07-27,2.286,0.826803565372619,0.467985131538788,0.358818433833831,-33.0484739835942,208
"209",2017-07-28,4.191,1.43293936894293,0.467985131538788,0.964954237404147,-32.0835197461901,209
"210",2017-07-29,6.985,1.94376499270893,0.467985131538788,1.47577986117014,-30.6077398850199,210
"211",2017-07-30,29.464,3.38316917914276,0.467985131538788,2.91518404760398,-27.692555837416,211
"212",2017-07-31,12.954,2.56140462076073,0.467985131538788,2.09341948922194,-25.599136348194,212
"213",2017-08-01,0.762,-0.271808723295491,0.467985131538788,-0.739793854834279,-26.3389302030283,213
"214",2017-08-02,3.81,1.33762918913861,0.467985131538788,0.869644057599822,-25.4692861454285,214
"215",2017-08-03,14.605,2.6813639358397,0.467985131538788,2.21337880430092,-23.2559073411276,215
"216",2017-08-04,12.954,2.56140462076073,0.467985131538788,2.09341948922194,-21.1624878519056,216
"217",2017-08-05,0.254,-1.3704210119636,0.467985131538788,-1.83840614350239,-23.000893995408,217
"218",2017-08-06,0,0,0.467985131538788,-0.467985131538788,-23.4688791269468,218
"219",2017-08-07,0,0,0.467985131538788,-0.467985131538788,-23.9368642584856,219
"220",2017-08-08,1.016,0.0158733491562902,0.467985131538788,-0.452111782382497,-24.3889760408681,220
"221",2017-08-09,41.402,3.72332918884316,0.467985131538788,3.25534405730437,-21.1336319835637,221
"222",2017-08-10,1.27,0.2390169004705,0.467985131538788,-0.228968231068288,-21.362600214632,222
"223",2017-08-11,0,0,0.467985131538788,-0.467985131538788,-21.8305853461708,223
"224",2017-08-12,12.7,2.54160199346455,0.467985131538788,2.07361686192576,-19.756968484245,224
"225",2017-08-13,10.414,2.34315105474071,0.467985131538788,1.87516592320192,-17.8818025610431,225
"226",2017-08-14,2.921,1.0719260234056,0.467985131538788,0.603940891866816,-17.2778616691763,226
"227",2017-08-15,6.731,1.90672372102858,0.467985131538788,1.43873858948979,-15.8391230796865,227
"228",2017-08-16,2.286,0.826803565372619,0.467985131538788,0.358818433833831,-15.4803046458527,228
"229",2017-08-17,0.762,-0.271808723295491,0.467985131538788,-0.739793854834279,-16.2200985006869,229
"230",2017-08-18,16.002,2.77271371442793,0.467985131538788,2.30472858288914,-13.9153699177978,230
"231",2017-08-19,39.116,3.66653159045003,0.467985131538788,3.19854645891124,-10.7168234588866,231
"232",2017-08-20,0.254,-1.3704210119636,0.467985131538788,-1.83840614350239,-12.5552296023889,232
"233",2017-08-21,0.635,-0.454130280089445,0.467985131538788,-0.922115411628233,-13.4773450140172,233
"234",2017-08-22,1.27,0.2390169004705,0.467985131538788,-0.228968231068288,-13.7063132450855,234
"235",2017-08-23,0,0,0.467985131538788,-0.467985131538788,-14.1742983766243,235
"236",2017-08-24,1.143,0.133656384812673,0.467985131538788,-0.334328746726114,-14.5086271233504,236
"237",2017-08-25,1.27,0.2390169004705,0.467985131538788,-0.228968231068288,-14.7375953544187,237
"238",2017-08-26,0.127,-2.06356819252355,0.467985131538788,-2.53155332406233,-17.269148678481,238
"239",2017-08-27,1.651,0.501381164937991,0.467985131538788,0.0333960333992032,-17.2357526450818,239
"240",2017-08-28,0.381,-0.964955903855436,0.467985131538788,-1.43294103539422,-18.668693680476,240
"241",2017-08-29,1.016,0.0158733491562902,0.467985131538788,-0.452111782382497,-19.1208054628585,241
"242",2017-08-30,1.778,0.575489137091713,0.467985131538788,0.107504005552925,-19.0133014573056,242
"243",2017-08-31,0.508,-0.677273831403655,0.467985131538788,-1.14525896294244,-20.158560420248,243
"244",2017-09-01,25.019,3.21963553621444,0.467985131538788,2.75165040467566,-17.4069100155724,244
"245",2017-09-02,26.543,3.27876605944127,0.467985131538788,2.81078092790248,-14.5961290876699,245
"246",2017-09-03,0.127,-2.06356819252355,0.467985131538788,-2.53155332406233,-17.1276824117322,246
"247",2017-09-04,0,0,0.467985131538788,-0.467985131538788,-17.595667543271,247
"248",2017-09-05,0,0,0.467985131538788,-0.467985131538788,-18.0636526748098,248
"249",2017-09-06,1.27,0.2390169004705,0.467985131538788,-0.228968231068288,-18.2926209058781,249
"250",2017-09-07,2.032,0.709020529716236,0.467985131538788,0.241035398177448,-18.0515855077006,250
"251",2017-09-08,0,0,0.467985131538788,-0.467985131538788,-18.5195706392394,251
"252",2017-09-09,6.731,1.90672372102858,0.467985131538788,1.43873858948979,-17.0808320497496,252
"253",2017-09-10,92.456,4.52673285567314,0.467985131538788,4.05874772413435,-13.0220843256153,253
"254",2017-09-11,204.089,5.31855617321397,0.467985131538788,4.85057104167518,-8.17151328394011,254
"255",2017-09-12,8.255,2.11081907737209,0.467985131538788,1.6428339458333,-6.5286793381068,255
"256",2017-09-13,0,0,0.467985131538788,-0.467985131538788,-6.99666446964559,256
"257",2017-09-14,0,0,0.467985131538788,-0.467985131538788,-7.46464960118438,257
"258",2017-09-15,0.127,-2.06356819252355,0.467985131538788,-2.53155332406233,-9.99620292524671,258
"259",2017-09-16,0.762,-0.271808723295491,0.467985131538788,-0.739793854834279,-10.735996780081,259
"260",2017-09-17,0,0,0.467985131538788,-0.467985131538788,-11.2039819116198,260
"261",2017-09-18,0,0,0.467985131538788,-0.467985131538788,-11.6719670431586,261
"262",2017-09-19,0,0,0.467985131538788,-0.467985131538788,-12.1399521746974,262
"263",2017-09-20,0,0,0.467985131538788,-0.467985131538788,-12.6079373062361,263
"264",2017-09-21,0,0,0.467985131538788,-0.467985131538788,-13.0759224377749,264
"265",2017-09-22,0,0,0.467985131538788,-0.467985131538788,-13.5439075693137,265
"266",2017-09-23,0.127,-2.06356819252355,0.467985131538788,-2.53155332406233,-16.0754608933761,266
"267",2017-09-24,0.127,-2.06356819252355,0.467985131538788,-2.53155332406233,-18.6070142174384,267
"268",2017-09-25,0,0,0.467985131538788,-0.467985131538788,-19.0749993489772,268
"269",2017-09-26,0,0,0.467985131538788,-0.467985131538788,-19.542984480516,269
"270",2017-09-27,0,0,0.467985131538788,-0.467985131538788,-20.0109696120547,270
"271",2017-09-28,0,0,0.467985131538788,-0.467985131538788,-20.4789547435935,271
"272",2017-09-29,0,0,0.467985131538788,-0.467985131538788,-20.9469398751323,272
"273",2017-09-30,2.794,1.02747426083477,0.467985131538788,0.559489129295982,-20.3874507458363,273
"274",2017-10-01,16.637,2.81162913067761,0.467985131538788,2.34364399913882,-18.0438067466975,274
"275",2017-10-02,13.843,2.6277796897056,0.467985131538788,2.15979455816681,-15.8840121885307,275
"276",2017-10-03,0.381,-0.964955903855436,0.467985131538788,-1.43294103539422,-17.3169532239249,276
"277",2017-10-04,0.254,-1.3704210119636,0.467985131538788,-1.83840614350239,-19.1553593674273,277
"278",2017-10-05,0.508,-0.677273831403655,0.467985131538788,-1.14525896294244,-20.3006183303698,278
"279",2017-10-06,1.905,0.644482008578664,0.467985131538788,0.176496877039877,-20.1241214533299,279
"280",2017-10-07,0,0,0.467985131538788,-0.467985131538788,-20.5921065848687,280
"281",2017-10-08,5.334,1.67410142575982,0.467985131538788,1.20611629422103,-19.3859902906476,281
"282",2017-10-09,8.255,2.11081907737209,0.467985131538788,1.6428339458333,-17.7431563448143,282
"283",2017-10-10,0.508,-0.677273831403655,0.467985131538788,-1.14525896294244,-18.8884153077568,283
"284",2017-10-11,0,0,0.467985131538788,-0.467985131538788,-19.3564004392956,284
"285",2017-10-12,0,0,0.467985131538788,-0.467985131538788,-19.8243855708344,285
"286",2017-10-13,0,0,0.467985131538788,-0.467985131538788,-20.2923707023731,286
"287",2017-10-14,0,0,0.467985131538788,-0.467985131538788,-20.7603558339119,287
"288",2017-10-15,0,0,0.467985131538788,-0.467985131538788,-21.2283409654507,288
"289",2017-10-16,0,0,0.467985131538788,-0.467985131538788,-21.6963260969895,289
"290",2017-10-17,0,0,0.467985131538788,-0.467985131538788,-22.1643112285283,290
"291",2017-10-18,0,0,0.467985131538788,-0.467985131538788,-22.6322963600671,291
"292",2017-10-19,0.254,-1.3704210119636,0.467985131538788,-1.83840614350239,-24.4707025035695,292
"293",2017-10-20,0.508,-0.677273831403655,0.467985131538788,-1.14525896294244,-25.6159614665119,293
"294",2017-10-21,0,0,0.467985131538788,-0.467985131538788,-26.0839465980507,294
"295",2017-10-22,0,0,0.467985131538788,-0.467985131538788,-26.5519317295895,295
"296",2017-10-23,1.651,0.501381164937991,0.467985131538788,0.0333960333992034,-26.5185356961903,296
"297",2017-10-24,1.524,0.421338457264454,0.467985131538788,-0.0466466742743332,-26.5651823704646,297
"298",2017-10-25,0,0,0.467985131538788,-0.467985131538788,-27.0331675020034,298
"299",2017-10-26,0,0,0.467985131538788,-0.467985131538788,-27.5011526335422,299
"300",2017-10-27,0,0,0.467985131538788,-0.467985131538788,-27.969137765081,300
"301",2017-10-28,0,0,0.467985131538788,-0.467985131538788,-28.4371228966198,301
"302",2017-10-29,0.254,-1.3704210119636,0.467985131538788,-1.83840614350239,-30.2755290401222,302
"303",2017-10-30,0,0,0.467985131538788,-0.467985131538788,-30.7435141716609,303
"304",2017-10-31,0,0,0.467985131538788,-0.467985131538788,-31.2114993031997,304
"305",2017-11-01,0,0,0.467985131538788,-0.467985131538788,-31.6794844347385,305
"306",2017-11-02,0,0,0.467985131538788,-0.467985131538788,-32.1474695662773,306
"307",2017-11-03,0,0,0.467985131538788,-0.467985131538788,-32.6154546978161,307
"308",2017-11-04,0,0,0.467985131538788,-0.467985131538788,-33.0834398293549,308
"309",2017-11-05,0,0,0.467985131538788,-0.467985131538788,-33.5514249608937,309
"310",2017-11-06,0,0,0.467985131538788,-0.467985131538788,-34.0194100924325,310
"311",2017-11-07,0,0,0.467985131538788,-0.467985131538788,-34.4873952239712,311
"312",2017-11-08,0,0,0.467985131538788,-0.467985131538788,-34.95538035551,312
"313",2017-11-09,0,0,0.467985131538788,-0.467985131538788,-35.4233654870488,313
"314",2017-11-10,0,0,0.467985131538788,-0.467985131538788,-35.8913506185876,314
"315",2017-11-11,0,0,0.467985131538788,-0.467985131538788,-36.3593357501264,315
"316",2017-11-12,0,0,0.467985131538788,-0.467985131538788,-36.8273208816652,316
"317",2017-11-13,0,0,0.467985131538788,-0.467985131538788,-37.295306013204,317
"318",2017-11-14,0,0,0.467985131538788,-0.467985131538788,-37.7632911447428,318
"319",2017-11-15,0,0,0.467985131538788,-0.467985131538788,-38.2312762762815,319
"320",2017-11-16,0,0,0.467985131538788,-0.467985131538788,-38.6992614078203,320
"321",2017-11-17,0,0,0.467985131538788,-0.467985131538788,-39.1672465393591,321
"322",2017-11-18,0,0,0.467985131538788,-0.467985131538788,-39.6352316708979,322
"323",2017-11-19,0.635,-0.454130280089445,0.467985131538788,-0.922115411628233,-40.5573470825261,323
"324",2017-11-20,1.27,0.2390169004705,0.467985131538788,-0.228968231068288,-40.7863153135944,324
"325",2017-11-21,1.905,0.644482008578664,0.467985131538788,0.176496877039877,-40.6098184365545,325
"326",2017-11-22,0.889,-0.117658043468232,0.467985131538788,-0.58564317500702,-41.1954616115616,326
"327",2017-11-23,43.18,3.76537742508666,0.467985131538788,3.29739229354787,-37.8980693180137,327
"328",2017-11-24,14.986,2.70711643194212,0.467985131538788,2.23913130040333,-35.6589380176104,328
"329",2017-11-25,0,0,0.467985131538788,-0.467985131538788,-36.1269231491492,329
"330",2017-11-26,0,0,0.467985131538788,-0.467985131538788,-36.5949082806879,330
"331",2017-11-27,0,0,0.467985131538788,-0.467985131538788,-37.0628934122267,331
"332",2017-11-28,0,0,0.467985131538788,-0.467985131538788,-37.5308785437655,332
"333",2017-11-29,0,0,0.467985131538788,-0.467985131538788,-37.9988636753043,333
"334",2017-11-30,0,0,0.467985131538788,-0.467985131538788,-38.4668488068431,334
"335",2017-12-01,0,0,0.467985131538788,-0.467985131538788,-38.9348339383819,335
"336",2017-12-02,0,0,0.467985131538788,-0.467985131538788,-39.4028190699207,336
"337",2017-12-03,0,0,0.467985131538788,-0.467985131538788,-39.8708042014595,337
"338",2017-12-04,0,0,0.467985131538788,-0.467985131538788,-40.3387893329982,338
"339",2017-12-05,0,0,0.467985131538788,-0.467985131538788,-40.806774464537,339
"340",2017-12-06,0,0,0.467985131538788,-0.467985131538788,-41.2747595960758,340
"341",2017-12-07,12.319,2.51114278597984,0.467985131538788,2.04315765444105,-39.2316019416348,341
"342",2017-12-08,28.067,3.33459450899421,0.467985131538788,2.86660937745542,-36.3649925641793,342
"343",2017-12-09,28.829,3.36138182495786,0.467985131538788,2.89339669341907,-33.4715958707603,343
"344",2017-12-10,0,0,0.467985131538788,-0.467985131538788,-33.9395810022991,344
"345",2017-12-11,0,0,0.467985131538788,-0.467985131538788,-34.4075661338379,345
"346",2017-12-12,0,0,0.467985131538788,-0.467985131538788,-34.8755512653766,346
"347",2017-12-13,0,0,0.467985131538788,-0.467985131538788,-35.3435363969154,347
"348",2017-12-14,0,0,0.467985131538788,-0.467985131538788,-35.8115215284542,348
"349",2017-12-15,0,0,0.467985131538788,-0.467985131538788,-36.279506659993,349
"350",2017-12-16,0,0,0.467985131538788,-0.467985131538788,-36.7474917915318,350
"351",2017-12-17,0,0,0.467985131538788,-0.467985131538788,-37.2154769230706,351
"352",2017-12-18,0,0,0.467985131538788,-0.467985131538788,-37.6834620546094,352
"353",2017-12-19,0,0,0.467985131538788,-0.467985131538788,-38.1514471861482,353
"354",2017-12-20,0,0,0.467985131538788,-0.467985131538788,-38.6194323176869,354
"355",2017-12-21,1.016,0.0158733491562902,0.467985131538788,-0.452111782382497,-39.0715441000694,355
"356",2017-12-22,0,0,0.467985131538788,-0.467985131538788,-39.5395292316082,356
"357",2017-12-23,0,0,0.467985131538788,-0.467985131538788,-40.007514363147,357
"358",2017-12-24,0,0,0.467985131538788,-0.467985131538788,-40.4754994946858,358
"359",2017-12-25,0,0,0.467985131538788,-0.467985131538788,-40.9434846262246,359
"360",2017-12-26,0,0,0.467985131538788,-0.467985131538788,-41.4114697577634,360
"361",2017-12-27,0,0,0.467985131538788,-0.467985131538788,-41.8794548893022,361
"362",2017-12-28,0.508,-0.677273831403655,0.467985131538788,-1.14525896294244,-43.0247138522446,362
"363",2017-12-29,0.127,-2.06356819252355,0.467985131538788,-2.53155332406233,-45.5562671763069,363
"364",2017-12-30,0.127,-2.06356819252355,0.467985131538788,-2.53155332406233,-48.0878205003693,364
"365",2017-12-31,0,0,0.467985131538788,-0.467985131538788,-48.5558056319081,365
"366",2018-01-01,2.54,0.932164081030445,0.467985131538788,0.464178949491658,-48.0916266824164,366
"367",2018-01-02,0.254,-1.3704210119636,0.467985131538788,-1.83840614350239,-49.9300328259188,367
"368",2018-01-03,14.478,2.67263025587095,0.467985131538788,2.20464512433216,-47.7253877015866,368
"369",2018-01-04,13.97,2.63691217326887,0.467985131538788,2.16892704173008,-45.5564606598565,369
"370",2018-01-05,0,0,0.467985131538788,-0.467985131538788,-46.0244457913953,370
"371",2018-01-06,0,0,0.467985131538788,-0.467985131538788,-46.4924309229341,371
"372",2018-01-07,0,0,0.467985131538788,-0.467985131538788,-46.9604160544729,372
"373",2018-01-08,0,0,0.467985131538788,-0.467985131538788,-47.4284011860117,373
"374",2018-01-09,0.635,-0.454130280089445,0.467985131538788,-0.922115411628233,-48.3505165976399,374
"375",2018-01-10,2.413,0.880870786642895,0.467985131538788,0.412885655104107,-47.9376309425358,375
"376",2018-01-11,2.159,0.76964515153267,0.467985131538788,0.301660019993883,-47.6359709225419,376
"377",2018-01-12,3.556,1.26863631765166,0.467985131538788,0.800651186112871,-46.8353197364291,377
"378",2018-01-13,3.175,1.15530763234465,0.467985131538788,0.687322500805867,-46.1479972356232,378
"379",2018-01-14,0,0,0.467985131538788,-0.467985131538788,-46.615982367162,379
"380",2018-01-15,0,0,0.467985131538788,-0.467985131538788,-47.0839674987008,380
"381",2018-01-16,0,0,0.467985131538788,-0.467985131538788,-47.5519526302396,381
"382",2018-01-17,0,0,0.467985131538788,-0.467985131538788,-48.0199377617784,382
"383",2018-01-18,0,0,0.467985131538788,-0.467985131538788,-48.4879228933171,383
"384",2018-01-19,0,0,0.467985131538788,-0.467985131538788,-48.9559080248559,384
"385",2018-01-20,0,0,0.467985131538788,-0.467985131538788,-49.4238931563947,385
"386",2018-01-21,0,0,0.467985131538788,-0.467985131538788,-49.8918782879335,386
"387",2018-01-22,0.762,-0.271808723295491,0.467985131538788,-0.739793854834279,-50.6316721427678,387
"388",2018-01-23,19.05,2.94706710157271,0.467985131538788,2.47908197003392,-48.1525901727339,388
"389",2018-01-24,0,0,0.467985131538788,-0.467985131538788,-48.6205753042726,389
"390",2018-01-25,0,0,0.467985131538788,-0.467985131538788,-49.0885604358114,390
"391",2018-01-26,0,0,0.467985131538788,-0.467985131538788,-49.5565455673502,391
"392",2018-01-27,0,0,0.467985131538788,-0.467985131538788,-50.024530698889,392
"393",2018-01-28,12.954,2.56140462076073,0.467985131538788,2.09341948922194,-47.9311112096671,393
"394",2018-01-29,44.323,3.79150372967888,0.467985131538788,3.32351859814009,-44.607592611527,394
"395",2018-01-30,0,0,0.467985131538788,-0.467985131538788,-45.0755777430658,395
"396",2018-01-31,0,0,0.467985131538788,-0.467985131538788,-45.5435628746046,396
"397",2018-02-01,0,0,0.467985131538788,-0.467985131538788,-46.0115480061433,397
"398",2018-02-02,0,0,0.467985131538788,-0.467985131538788,-46.4795331376821,398
"399",2018-02-03,0,0,0.467985131538788,-0.467985131538788,-46.9475182692209,399
"400",2018-02-04,4.953,1.5999934536061,0.467985131538788,1.13200832206731,-45.8155099471536,400
"401",2018-02-05,4.445,1.49177986896587,0.467985131538788,1.02379473742708,-44.7917152097265,401
"402",2018-02-06,0,0,0.467985131538788,-0.467985131538788,-45.2597003412653,402
"403",2018-02-07,0,0,0.467985131538788,-0.467985131538788,-45.7276854728041,403
"404",2018-02-08,0.127,-2.06356819252355,0.467985131538788,-2.53155332406233,-48.2592387968664,404
"405",2018-02-09,0.127,-2.06356819252355,0.467985131538788,-2.53155332406233,-50.7907921209288,405
"406",2018-02-10,0,0,0.467985131538788,-0.467985131538788,-51.2587772524676,406
"407",2018-02-11,0.127,-2.06356819252355,0.467985131538788,-2.53155332406233,-53.7903305765299,407
"408",2018-02-12,18.669,2.92686439425519,0.467985131538788,2.4588792627164,-51.3314513138135,408
"409",2018-02-13,3.048,1.1144856378244,0.467985131538788,0.646500506285612,-50.6849508075279,409
"410",2018-02-14,11.811,2.46903130062971,0.467985131538788,2.00104616909092,-48.6839046384369,410
"411",2018-02-15,0,0,0.467985131538788,-0.467985131538788,-49.1518897699757,411
"412",2018-02-16,0,0,0.467985131538788,-0.467985131538788,-49.6198749015145,412
"413",2018-02-17,0,0,0.467985131538788,-0.467985131538788,-50.0878600330533,413
"414",2018-02-18,0,0,0.467985131538788,-0.467985131538788,-50.5558451645921,414
"415",2018-02-19,0,0,0.467985131538788,-0.467985131538788,-51.0238302961309,415
"416",2018-02-20,0,0,0.467985131538788,-0.467985131538788,-51.4918154276697,416
"417",2018-02-21,0,0,0.467985131538788,-0.467985131538788,-51.9598005592085,417
"418",2018-02-22,0,0,0.467985131538788,-0.467985131538788,-52.4277856907472,418
"419",2018-02-23,0,0,0.467985131538788,-0.467985131538788,-52.895770822286,419
"420",2018-02-24,0,0,0.467985131538788,-0.467985131538788,-53.3637559538248,420
"421",2018-02-25,0.127,-2.06356819252355,0.467985131538788,-2.53155332406233,-55.8953092778872,421
"422",2018-02-26,0.381,-0.964955903855436,0.467985131538788,-1.43294103539422,-57.3282503132814,422
"423",2018-02-27,2.286,0.826803565372619,0.467985131538788,0.358818433833831,-56.9694318794476,423
"424",2018-02-28,0,0,0.467985131538788,-0.467985131538788,-57.4374170109863,424
"425",2018-03-01,0,0,0.467985131538788,-0.467985131538788,-57.9054021425251,425
"426",2018-03-02,0.381,-0.964955903855436,0.467985131538788,-1.43294103539422,-59.3383431779193,426
"427",2018-03-03,0,0,0.467985131538788,-0.467985131538788,-59.8063283094581,427
"428",2018-03-04,0,0,0.467985131538788,-0.467985131538788,-60.2743134409969,428
"429",2018-03-05,0,0,0.467985131538788,-0.467985131538788,-60.7422985725357,429
"430",2018-03-06,0.508,-0.677273831403655,0.467985131538788,-1.14525896294244,-61.8875575354782,430
"431",2018-03-07,5.461,1.69763192317002,0.467985131538788,1.22964679163123,-60.6579107438469,431
"432",2018-03-08,0,0,0.467985131538788,-0.467985131538788,-61.1258958753857,432
"433",2018-03-09,0,0,0.467985131538788,-0.467985131538788,-61.5938810069245,433
"434",2018-03-10,0,0,0.467985131538788,-0.467985131538788,-62.0618661384633,434
"435",2018-03-11,0,0,0.467985131538788,-0.467985131538788,-62.5298512700021,435
"436",2018-03-12,0.254,-1.3704210119636,0.467985131538788,-1.83840614350239,-64.3682574135045,436
"437",2018-03-13,0,0,0.467985131538788,-0.467985131538788,-64.8362425450432,437
"438",2018-03-14,0,0,0.467985131538788,-0.467985131538788,-65.304227676582,438
"439",2018-03-15,0,0,0.467985131538788,-0.467985131538788,-65.7722128081208,439
"440",2018-03-16,0,0,0.467985131538788,-0.467985131538788,-66.2401979396596,440
"441",2018-03-17,0,0,0.467985131538788,-0.467985131538788,-66.7081830711984,441
"442",2018-03-18,0.508,-0.677273831403655,0.467985131538788,-1.14525896294244,-67.8534420341408,442
"443",2018-03-19,37.211,3.61660441649352,0.467985131538788,3.14861928495473,-64.7048227491861,443
"444",2018-03-20,27.051,3.29772397318588,0.467985131538788,2.82973884164709,-61.875083907539,444
"445",2018-03-21,0.127,-2.06356819252355,0.467985131538788,-2.53155332406233,-64.4066372316014,445
"446",2018-03-22,0,0,0.467985131538788,-0.467985131538788,-64.8746223631401,446
"447",2018-03-23,0,0,0.467985131538788,-0.467985131538788,-65.3426074946789,447
"448",2018-03-24,0,0,0.467985131538788,-0.467985131538788,-65.8105926262177,448
"449",2018-03-25,0,0,0.467985131538788,-0.467985131538788,-66.2785777577565,449
"450",2018-03-26,0.635,-0.454130280089445,0.467985131538788,-0.922115411628233,-67.2006931693847,450
"451",2018-03-27,0,0,0.467985131538788,-0.467985131538788,-67.6686783009235,451
"452",2018-03-28,0,0,0.467985131538788,-0.467985131538788,-68.1366634324623,452
"453",2018-03-29,0,0,0.467985131538788,-0.467985131538788,-68.6046485640011,453
"454",2018-03-30,2.54,0.932164081030445,0.467985131538788,0.464178949491658,-68.1404696145094,454
"455",2018-03-31,3.048,1.1144856378244,0.467985131538788,0.646500506285612,-67.4939691082238,455
"456",2018-04-01,0,0,0.467985131538788,-0.467985131538788,-67.9619542397626,456
"457",2018-04-02,0,0,0.467985131538788,-0.467985131538788,-68.4299393713014,457
"458",2018-04-03,0,0,0.467985131538788,-0.467985131538788,-68.8979245028402,458
"459",2018-04-04,0.381,-0.964955903855436,0.467985131538788,-1.43294103539422,-70.3308655382344,459
"460",2018-04-05,0.381,-0.964955903855436,0.467985131538788,-1.43294103539422,-71.7638065736286,460
"461",2018-04-06,0,0,0.467985131538788,-0.467985131538788,-72.2317917051674,461
"462",2018-04-07,4.445,1.49177986896587,0.467985131538788,1.02379473742708,-71.2079969677403,462
"463",2018-04-08,4.191,1.43293936894293,0.467985131538788,0.964954237404147,-70.2430427303362,463
"464",2018-04-09,62.865,4.14098957004514,0.467985131538788,3.67300443850636,-66.5700382918298,464
"465",2018-04-10,72.644,4.28557079885625,0.467985131538788,3.81758566731746,-62.7524526245124,465
"466",2018-04-11,5.588,1.72062144139472,0.467985131538788,1.25263630985593,-61.4998163146564,466
"467",2018-04-12,0,0,0.467985131538788,-0.467985131538788,-61.9678014461952,467
"468",2018-04-13,0,0,0.467985131538788,-0.467985131538788,-62.435786577734,468
"469",2018-04-14,0,0,0.467985131538788,-0.467985131538788,-62.9037717092728,469
"470",2018-04-15,10.541,2.35527241527305,0.467985131538788,1.88728728373426,-61.0164844255386,470
"471",2018-04-16,14.478,2.67263025587095,0.467985131538788,2.20464512433216,-58.8118393012064,471
"472",2018-04-17,0,0,0.467985131538788,-0.467985131538788,-59.2798244327452,472
"473",2018-04-18,0,0,0.467985131538788,-0.467985131538788,-59.747809564284,473
"474",2018-04-19,0,0,0.467985131538788,-0.467985131538788,-60.2157946958228,474
"475",2018-04-20,0,0,0.467985131538788,-0.467985131538788,-60.6837798273615,475
"476",2018-04-21,0,0,0.467985131538788,-0.467985131538788,-61.1517649589003,476
"477",2018-04-22,0,0,0.467985131538788,-0.467985131538788,-61.6197500904391,477
"478",2018-04-23,11.176,2.41376862195466,0.467985131538788,1.94578349041587,-59.6739666000232,478
"479",2018-04-24,0,0,0.467985131538788,-0.467985131538788,-60.141951731562,479
"480",2018-04-25,0,0,0.467985131538788,-0.467985131538788,-60.6099368631008,480
"481",2018-04-26,0,0,0.467985131538788,-0.467985131538788,-61.0779219946396,481
"482",2018-04-27,0,0,0.467985131538788,-0.467985131538788,-61.5459071261784,482
"483",2018-04-28,0,0,0.467985131538788,-0.467985131538788,-62.0138922577172,483
"484",2018-04-29,0,0,0.467985131538788,-0.467985131538788,-62.481877389256,484
"485",2018-04-30,0,0,0.467985131538788,-0.467985131538788,-62.9498625207948,485
"486",2018-05-01,0,0,0.467985131538788,-0.467985131538788,-63.4178476523335,486
"487",2018-05-02,0,0,0.467985131538788,-0.467985131538788,-63.8858327838723,487
"488",2018-05-03,0,0,0.467985131538788,-0.467985131538788,-64.3538179154111,488
"489",2018-05-04,0,0,0.467985131538788,-0.467985131538788,-64.8218030469499,489
"490",2018-05-05,0,0,0.467985131538788,-0.467985131538788,-65.2897881784887,490
"491",2018-05-06,0,0,0.467985131538788,-0.467985131538788,-65.7577733100275,491
"492",2018-05-07,0,0,0.467985131538788,-0.467985131538788,-66.2257584415663,492
"493",2018-05-08,0,0,0.467985131538788,-0.467985131538788,-66.6937435731051,493
"494",2018-05-09,0,0,0.467985131538788,-0.467985131538788,-67.1617287046438,494
"495",2018-05-10,0,0,0.467985131538788,-0.467985131538788,-67.6297138361826,495
"496",2018-05-11,0,0,0.467985131538788,-0.467985131538788,-68.0976989677214,496
"497",2018-05-12,0,0,0.467985131538788,-0.467985131538788,-68.5656840992602,497
"498",2018-05-13,0,0,0.467985131538788,-0.467985131538788,-69.033669230799,498
"499",2018-05-14,13.843,2.6277796897056,0.467985131538788,2.15979455816681,-66.8738746726322,499
"500",2018-05-15,14.351,2.66381962618879,0.467985131538788,2.19583449465001,-64.6780401779822,500
"501",2018-05-16,12.7,2.54160199346455,0.467985131538788,2.07361686192576,-62.6044233160564,501
"502",2018-05-17,23.114,3.14043849455325,0.467985131538788,2.67245336301446,-59.931969953042,502
"503",2018-05-18,11.049,2.40233992613104,0.467985131538788,1.93435479459225,-57.9976151584497,503
"504",2018-05-19,2.032,0.709020529716236,0.467985131538788,0.241035398177448,-57.7565797602723,504
"505",2018-05-20,10.668,2.36724860631977,0.467985131538788,1.89926347478098,-55.8573162854913,505
"506",2018-05-21,27.94,3.33005935382882,0.467985131538788,2.86207422229003,-52.9952420632013,506
"507",2018-05-22,18.415,2.91316554989703,0.467985131538788,2.44518041835824,-50.550061644843,507
"508",2018-05-23,3.048,1.1144856378244,0.467985131538788,0.646500506285612,-49.9035611385574,508
"509",2018-05-24,0,0,0.467985131538788,-0.467985131538788,-50.3715462700962,509
"510",2018-05-25,0.127,-2.06356819252355,0.467985131538788,-2.53155332406233,-52.9030995941585,510
"511",2018-05-26,0,0,0.467985131538788,-0.467985131538788,-53.3710847256973,511
"512",2018-05-27,11.811,2.46903130062971,0.467985131538788,2.00104616909092,-51.3700385566064,512
"513",2018-05-28,8.255,2.11081907737209,0.467985131538788,1.6428339458333,-49.7272046107731,513
"514",2018-05-29,6.858,1.92541585404073,0.467985131538788,1.45743072250194,-48.2697738882711,514
"515",2018-05-30,21.209,3.05442561989321,0.467985131538788,2.58644048835442,-45.6833333999167,515
"516",2018-05-31,17.145,2.84170658591488,0.467985131538788,2.3737214543761,-43.3096119455406,516
"517",2018-06-01,3.175,1.15530763234465,0.467985131538788,0.687322500805867,-42.6222894447348,517
"518",2018-06-02,0.127,-2.06356819252355,0.467985131538788,-2.53155332406233,-45.1538427687971,518
"519",2018-06-03,6.096,1.80763281838435,0.467985131538788,1.33964768684556,-43.8141950819515,519
"520",2018-06-04,15.875,2.76474554477876,0.467985131538788,2.29676041323997,-41.5174346687116,520
"521",2018-06-05,0.381,-0.964955903855436,0.467985131538788,-1.43294103539422,-42.9503757041058,521
"522",2018-06-06,5.207,1.65000387418076,0.467985131538788,1.18201874264197,-41.7683569614638,522
"523",2018-06-07,6.858,1.92541585404073,0.467985131538788,1.45743072250194,-40.3109262389619,523
"524",2018-06-08,6.985,1.94376499270893,0.467985131538788,1.47577986117014,-38.8351463777917,524
"525",2018-06-09,15.494,2.74045285220971,0.467985131538788,2.27246772067092,-36.5626786571208,525
"526",2018-06-10,0.254,-1.3704210119636,0.467985131538788,-1.83840614350239,-38.4010848006232,526
"527",2018-06-11,9.017,2.19911168451777,0.467985131538788,1.73112655297898,-36.6699582476442,527
"528",2018-06-12,7.747,2.04730567164977,0.467985131538788,1.57932054011098,-35.0906377075332,528
"529",2018-06-13,2.413,0.880870786642894,0.467985131538788,0.412885655104107,-34.6777520524291,529
"530",2018-06-14,0,0,0.467985131538788,-0.467985131538788,-35.1457371839679,530
"531",2018-06-15,0.762,-0.271808723295491,0.467985131538788,-0.739793854834278,-35.8855310388022,531
"532",2018-06-16,0,0,0.467985131538788,-0.467985131538788,-36.353516170341,532
"533",2018-06-17,6.731,1.90672372102858,0.467985131538788,1.43873858948979,-34.9147775808512,533
"534",2018-06-18,3.302,1.19452834549794,0.467985131538788,0.726543213959149,-34.188234366892,534
"535",2018-06-19,4.064,1.40216771027618,0.467985131538788,0.934182578737393,-33.2540517881547,535
"536",2018-06-20,1.905,0.644482008578664,0.467985131538788,0.176496877039877,-33.0775549111148,536
"537",2018-06-21,16.383,2.79624421183813,0.467985131538788,2.32825908029934,-30.7492958308154,537
"538",2018-06-22,0.254,-1.3704210119636,0.467985131538788,-1.83840614350239,-32.5877019743178,538
"539",2018-06-23,0.127,-2.06356819252355,0.467985131538788,-2.53155332406233,-35.1192552983802,539
"540",2018-06-24,0,0,0.467985131538788,-0.467985131538788,-35.5872404299189,540
"541",2018-06-25,0,0,0.467985131538788,-0.467985131538788,-36.0552255614577,541
"542",2018-06-26,5.969,1.78657940918651,0.467985131538788,1.31859427764773,-34.73663128381,542
"543",2018-06-27,16.764,2.81923373006282,0.467985131538788,2.35124859852404,-32.385382685286,543
"544",2018-06-28,11.43,2.43624147780672,0.467985131538788,1.96825634626793,-30.417126339018,544
"545",2018-06-29,5.588,1.72062144139472,0.467985131538788,1.25263630985593,-29.1644900291621,545
"546",2018-06-30,23.241,3.14591796031787,0.467985131538788,2.67793282877909,-26.486557200383,546
"547",2018-07-01,2.794,1.02747426083477,0.467985131538788,0.559489129295983,-25.927068071087,547
"548",2018-07-02,8.128,2.09531489083613,0.467985131538788,1.62732975929734,-24.2997383117897,548
"549",2018-07-03,4.318,1.46279233209262,0.467985131538788,0.994807200553828,-23.3049311112359,549
"550",2018-07-04,1.905,0.644482008578664,0.467985131538788,0.176496877039877,-23.128434234196,550
"551",2018-07-05,2.032,0.709020529716236,0.467985131538788,0.241035398177448,-22.8873988360186,551
"552",2018-07-06,1.27,0.2390169004705,0.467985131538788,-0.228968231068288,-23.1163670670868,552
"553",2018-07-07,0.635,-0.454130280089445,0.467985131538788,-0.922115411628233,-24.0384824787151,553
"554",2018-07-08,0.254,-1.3704210119636,0.467985131538788,-1.83840614350239,-25.8768886222175,554
"555",2018-07-09,4.826,1.57401796720284,0.467985131538788,1.10603283566405,-24.7708557865534,555
"556",2018-07-10,19.685,2.9798569243957,0.467985131538788,2.51187179285691,-22.2589839936965,556
"557",2018-07-11,0,0,0.467985131538788,-0.467985131538788,-22.7269691252353,557
"558",2018-07-12,0,0,0.467985131538788,-0.467985131538788,-23.1949542567741,558
"559",2018-07-13,0,0,0.467985131538788,-0.467985131538788,-23.6629393883129,559
"560",2018-07-14,3.556,1.26863631765166,0.467985131538788,0.80065118611287,-22.8622882022,560
"561",2018-07-15,5.08,1.62531126159039,0.467985131538788,1.1573261300516,-21.7049620721484,561
"562",2018-07-16,6.858,1.92541585404073,0.467985131538788,1.45743072250194,-20.2475313496464,562
"563",2018-07-17,17.78,2.87807423008576,0.467985131538788,2.41008909854697,-17.8374422510995,563
"564",2018-07-18,6.477,1.86825744020078,0.467985131538788,1.40027230866199,-16.4371699424375,564
"565",2018-07-19,6.858,1.92541585404073,0.467985131538788,1.45743072250194,-14.9797392199355,565
"566",2018-07-20,5.715,1.74309429724677,0.467985131538788,1.27510916570799,-13.7046300542276,566
"567",2018-07-21,3.556,1.26863631765166,0.467985131538788,0.80065118611287,-12.9039788681147,567
"568",2018-07-22,29.718,3.39175292283416,0.467985131538788,2.92376779129537,-9.98021107681931,568
"569",2018-07-23,43.688,3.77707346484985,0.467985131538788,3.30908833331106,-6.67112274350825,569
"570",2018-07-24,3.175,1.15530763234465,0.467985131538788,0.687322500805867,-5.98380024270238,570
"571",2018-07-25,3.429,1.23226867348078,0.467985131538788,0.764283541941995,-5.21951670076039,571
"572",2018-07-26,1.143,0.133656384812673,0.467985131538788,-0.334328746726114,-5.5538454474865,572
"573",2018-07-27,0,0,0.467985131538788,-0.467985131538788,-6.02183057902529,573
"574",2018-07-28,2.667,0.980954245199877,0.467985131538788,0.51296911366109,-5.5088614653642,574
"575",2018-07-29,2.286,0.826803565372619,0.467985131538788,0.358818433833831,-5.15004303153037,575
"576",2018-07-30,0.381,-0.964955903855436,0.467985131538788,-1.43294103539422,-6.58298406692459,576
"577",2018-07-31,13.335,2.59039215763398,0.467985131538788,2.12240702609519,-4.4605770408294,577
"578",2018-08-01,4.699,1.54734972012068,0.467985131538788,1.07936458858189,-3.38121245224751,578
"579",2018-08-02,13.335,2.59039215763398,0.467985131538788,2.12240702609519,-1.25880542615232,579
"580",2018-08-03,6.985,1.94376499270893,0.467985131538788,1.47577986117014,0.216974435017817,580
"581",2018-08-04,0.381,-0.964955903855436,0.467985131538788,-1.43294103539422,-1.21596660037641,581
"582",2018-08-05,0,0,0.467985131538788,-0.467985131538788,-1.68395173191519,582
"583",2018-08-06,0,0,0.467985131538788,-0.467985131538788,-2.15193686345398,583
"584",2018-08-07,0,0,0.467985131538788,-0.467985131538788,-2.61992199499277,584
"585",2018-08-08,0,0,0.467985131538788,-0.467985131538788,-3.08790712653156,585
"586",2018-08-09,0,0,0.467985131538788,-0.467985131538788,-3.55589225807034,586
"587",2018-08-10,6.096,1.80763281838435,0.467985131538788,1.33964768684556,-2.21624457122479,587
"588",2018-08-11,11.811,2.46903130062971,0.467985131538788,2.00104616909092,-0.215198402133864,588
"589",2018-08-12,13.081,2.57116079570609,0.467985131538788,2.1031756641673,1.88797726203344,589
"590",2018-08-13,2.667,0.980954245199877,0.467985131538788,0.51296911366109,2.40094637569453,590
"591",2018-08-14,0,0,0.467985131538788,-0.467985131538788,1.93296124415574,591
"592",2018-08-15,0.127,-2.06356819252355,0.467985131538788,-2.53155332406233,-0.598592079906593,592
"593",2018-08-16,0.127,-2.06356819252355,0.467985131538788,-2.53155332406233,-3.13014540396893,593
"594",2018-08-17,0.254,-1.3704210119636,0.467985131538788,-1.83840614350239,-4.96855154747131,594
"595",2018-08-18,2.667,0.980954245199877,0.467985131538788,0.51296911366109,-4.45558243381022,595
"596",2018-08-19,0,0,0.467985131538788,-0.467985131538788,-4.92356756534901,596
"597",2018-08-20,6.096,1.80763281838435,0.467985131538788,1.33964768684556,-3.58391987850346,597
"598",2018-08-21,1.905,0.644482008578664,0.467985131538788,0.176496877039877,-3.40742300146358,598
"599",2018-08-22,2.667,0.980954245199877,0.467985131538788,0.51296911366109,-2.89445388780249,599
"600",2018-08-23,47.371,3.85801022712027,0.467985131538788,3.39002509558148,0.495571207778993,600
"601",2018-08-24,39.751,3.68263499801661,0.467985131538788,3.21464986647782,3.71022107425681,601
"602",2018-08-25,9.144,2.21309792649251,0.467985131538788,1.74511279495372,5.45533386921054,602
"603",2018-08-26,0.127,-2.06356819252355,0.467985131538788,-2.53155332406233,2.9237805451482,603
"604",2018-08-27,0.508,-0.677273831403655,0.467985131538788,-1.14525896294244,1.77852158220576,604
"605",2018-08-28,7.62,2.03077636969855,0.467985131538788,1.56279123815977,3.34131282036553,605
"606",2018-08-29,3.683,1.30372763746293,0.467985131538788,0.835742505924141,4.17705532628967,606
"607",2018-08-30,9.652,2.26716514776279,0.467985131538788,1.799180016224,5.97623534251366,607
"608",2018-08-31,16.637,2.81162913067761,0.467985131538788,2.34364399913882,8.31987934165248,608
"609",2018-09-01,0,0,0.467985131538788,-0.467985131538788,7.8518942101137,609
"610",2018-09-02,1.143,0.133656384812673,0.467985131538788,-0.334328746726114,7.51756546338758,610
"611",2018-09-03,4.699,1.54734972012068,0.467985131538788,1.07936458858189,8.59693005196947,611
"612",2018-09-04,7.239,1.979483075311,0.467985131538788,1.51149794377222,10.1084279957417,612
"613",2018-09-05,8.89,2.18492704952581,0.467985131538788,1.71694191798703,11.8253699137287,613
"614",2018-09-06,0,0,0.467985131538788,-0.467985131538788,11.3573847821899,614
"615",2018-09-07,0,0,0.467985131538788,-0.467985131538788,10.8893996506511,615
"616",2018-09-08,0,0,0.467985131538788,-0.467985131538788,10.4214145191124,616
"617",2018-09-09,0,0,0.467985131538788,-0.467985131538788,9.95342938757356,617
"618",2018-09-10,0,0,0.467985131538788,-0.467985131538788,9.48544425603478,618
"619",2018-09-11,1.143,0.133656384812674,0.467985131538788,-0.334328746726114,9.15111550930866,619
"620",2018-09-12,0.635,-0.454130280089445,0.467985131538788,-0.922115411628233,8.22900009768043,620
"621",2018-09-13,1.524,0.421338457264454,0.467985131538788,-0.0466466742743332,8.1823534234061,621
"622",2018-09-14,0,0,0.467985131538788,-0.467985131538788,7.71436829186731,622
"623",2018-09-15,0,0,0.467985131538788,-0.467985131538788,7.24638316032852,623
"624",2018-09-16,1.143,0.133656384812673,0.467985131538788,-0.334328746726114,6.91205441360241,624
"625",2018-09-17,2.032,0.709020529716236,0.467985131538788,0.241035398177448,7.15308981177985,625
"626",2018-09-18,3.81,1.33762918913861,0.467985131538788,0.869644057599822,8.02273386937968,626
"627",2018-09-19,8.255,2.11081907737209,0.467985131538788,1.6428339458333,9.66556781521298,627
"628",2018-09-20,0.762,-0.271808723295491,0.467985131538788,-0.739793854834279,8.9257739603787,628
"629",2018-09-21,0,0,0.467985131538788,-0.467985131538788,8.45778882883991,629
"630",2018-09-22,0,0,0.467985131538788,-0.467985131538788,7.98980369730113,630
"631",2018-09-23,0.127,-2.06356819252355,0.467985131538788,-2.53155332406233,5.45825037323879,631
"632",2018-09-24,0,0,0.467985131538788,-0.467985131538788,4.99026524170001,632
"633",2018-09-25,0,0,0.467985131538788,-0.467985131538788,4.52228011016122,633
"634",2018-09-26,5.969,1.78657940918651,0.467985131538788,1.31859427764773,5.84087438780894,634
"635",2018-09-27,3.302,1.19452834549794,0.467985131538788,0.726543213959149,6.56741760176809,635
"636",2018-09-28,11.557,2.4472913139933,0.467985131538788,1.97930618245452,8.54672378422261,636
"637",2018-09-29,19.177,2.95371164429138,0.467985131538788,2.48572651275259,11.0324502969752,637
"638",2018-09-30,0,0,0.467985131538788,-0.467985131538788,10.5644651654364,638
"639",2018-10-01,1.651,0.501381164937991,0.467985131538788,0.0333960333992034,10.5978611988356,639
"640",2018-10-02,4.699,1.54734972012068,0.467985131538788,1.07936458858189,11.6772257874175,640
"641",2018-10-03,0.762,-0.271808723295491,0.467985131538788,-0.739793854834279,10.9374319325832,641
"642",2018-10-04,0,0,0.467985131538788,-0.467985131538788,10.4694468010444,642
"643",2018-10-05,0,0,0.467985131538788,-0.467985131538788,10.0014616695057,643
"644",2018-10-06,0,0,0.467985131538788,-0.467985131538788,9.53347653796686,644
"645",2018-10-07,0.381,-0.964955903855436,0.467985131538788,-1.43294103539422,8.10053550257264,645
"646",2018-10-08,2.159,0.76964515153267,0.467985131538788,0.301660019993883,8.40219552256652,646
"647",2018-10-09,0,0,0.467985131538788,-0.467985131538788,7.93421039102774,647
"648",2018-10-10,1.651,0.501381164937991,0.467985131538788,0.0333960333992034,7.96760642442694,648
"649",2018-10-11,0.508,-0.677273831403655,0.467985131538788,-1.14525896294244,6.8223474614845,649
"650",2018-10-12,0,0,0.467985131538788,-0.467985131538788,6.35436232994571,650
"651",2018-10-13,0,0,0.467985131538788,-0.467985131538788,5.88637719840692,651
"652",2018-10-14,0,0,0.467985131538788,-0.467985131538788,5.41839206686813,652
"653",2018-10-15,0,0,0.467985131538788,-0.467985131538788,4.95040693532935,653
"654",2018-10-16,0,0,0.467985131538788,-0.467985131538788,4.48242180379056,654
"655",2018-10-17,0,0,0.467985131538788,-0.467985131538788,4.01443667225177,655
"656",2018-10-18,0,0,0.467985131538788,-0.467985131538788,3.54645154071298,656
"657",2018-10-19,0,0,0.467985131538788,-0.467985131538788,3.0784664091742,657
"658",2018-10-20,0,0,0.467985131538788,-0.467985131538788,2.61048127763541,658
"659",2018-10-21,0,0,0.467985131538788,-0.467985131538788,2.14249614609662,659
"660",2018-10-22,0,0,0.467985131538788,-0.467985131538788,1.67451101455783,660
"661",2018-10-23,0,0,0.467985131538788,-0.467985131538788,1.20652588301905,661
"662",2018-10-24,0.381,-0.964955903855436,0.467985131538788,-1.43294103539422,-0.226415152375179,662
"663",2018-10-25,1.143,0.133656384812673,0.467985131538788,-0.334328746726114,-0.560743899101293,663
"664",2018-10-26,4.318,1.46279233209262,0.467985131538788,0.994807200553828,0.434063301452535,664
"665",2018-10-27,0.508,-0.677273831403655,0.467985131538788,-1.14525896294244,-0.711195661489908,665
"666",2018-10-28,0,0,0.467985131538788,-0.467985131538788,-1.1791807930287,666
"667",2018-10-29,0,0,0.467985131538788,-0.467985131538788,-1.64716592456748,667
"668",2018-10-30,0,0,0.467985131538788,-0.467985131538788,-2.11515105610627,668
"669",2018-10-31,0,0,0.467985131538788,-0.467985131538788,-2.58313618764506,669
"670",2018-11-01,1.143,0.133656384812673,0.467985131538788,-0.334328746726114,-2.91746493437117,670
"671",2018-11-02,11.684,2.45822038452549,0.467985131538788,1.99023525298671,-0.927229681384466,671
"672",2018-11-03,9.652,2.26716514776279,0.467985131538788,1.799180016224,0.871950334839532,672
"673",2018-11-04,0.254,-1.3704210119636,0.467985131538788,-1.83840614350239,-0.966455808662856,673
"674",2018-11-05,1.016,0.0158733491562902,0.467985131538788,-0.452111782382497,-1.41856759104535,674
"675",2018-11-06,0.127,-2.06356819252355,0.467985131538788,-2.53155332406233,-3.95012091510769,675
"676",2018-11-07,0,0,0.467985131538788,-0.467985131538788,-4.41810604664647,676
"677",2018-11-08,3.175,1.15530763234465,0.467985131538788,0.687322500805867,-3.73078354584061,677
"678",2018-11-09,8.255,2.11081907737209,0.467985131538788,1.6428339458333,-2.0879496000073,678
"679",2018-11-10,0,0,0.467985131538788,-0.467985131538788,-2.55593473154609,679
"680",2018-11-11,0,0,0.467985131538788,-0.467985131538788,-3.02391986308488,680
"681",2018-11-12,0,0,0.467985131538788,-0.467985131538788,-3.49190499462367,681
"682",2018-11-13,0.127,-2.06356819252355,0.467985131538788,-2.53155332406233,-6.023458318686,682
"683",2018-11-14,4.826,1.57401796720284,0.467985131538788,1.10603283566405,-4.91742548302195,683
"684",2018-11-15,18.923,2.94037811342191,0.467985131538788,2.47239298188313,-2.44503250113882,684
"685",2018-11-16,0,0,0.467985131538788,-0.467985131538788,-2.91301763267761,685
"686",2018-11-17,0,0,0.467985131538788,-0.467985131538788,-3.3810027642164,686
"687",2018-11-18,0,0,0.467985131538788,-0.467985131538788,-3.84898789575518,687
"688",2018-11-19,0,0,0.467985131538788,-0.467985131538788,-4.31697302729397,688
"689",2018-11-20,2.413,0.880870786642895,0.467985131538788,0.412885655104107,-3.90408737218986,689
"690",2018-11-21,0,0,0.467985131538788,-0.467985131538788,-4.37207250372865,690
"691",2018-11-22,0,0,0.467985131538788,-0.467985131538788,-4.84005763526744,691
"692",2018-11-23,0,0,0.467985131538788,-0.467985131538788,-5.30804276680623,692
"693",2018-11-24,0.254,-1.3704210119636,0.467985131538788,-1.83840614350239,-7.14644891030862,693
"694",2018-11-25,0,0,0.467985131538788,-0.467985131538788,-7.6144340418474,694
"695",2018-11-26,5.588,1.72062144139472,0.467985131538788,1.25263630985593,-6.36179773199148,695
"696",2018-11-27,8.89,2.18492704952581,0.467985131538788,1.71694191798703,-4.64485581400445,696
"697",2018-11-28,0,0,0.467985131538788,-0.467985131538788,-5.11284094554324,697
"698",2018-11-29,0,0,0.467985131538788,-0.467985131538788,-5.58082607708203,698
"699",2018-11-30,0,0,0.467985131538788,-0.467985131538788,-6.04881120862081,699
"700",2018-12-01,15.875,2.76474554477876,0.467985131538788,2.29676041323997,-3.75205079538084,700
"701",2018-12-02,17.399,2.85641273330458,0.467985131538788,2.38842760176579,-1.36362319361505,701
"702",2018-12-03,3.048,1.1144856378244,0.467985131538788,0.646500506285612,-0.717122687329441,702
"703",2018-12-04,6.731,1.90672372102858,0.467985131538788,1.43873858948979,0.721615902160347,703
"704",2018-12-05,0,0,0.467985131538788,-0.467985131538788,0.25363077062156,704
"705",2018-12-06,0,0,0.467985131538788,-0.467985131538788,-0.214354360917228,705
"706",2018-12-07,0,0,0.467985131538788,-0.467985131538788,-0.682339492456015,706
"707",2018-12-08,0,0,0.467985131538788,-0.467985131538788,-1.1503246239948,707
"708",2018-12-09,19.812,2.98628781472599,0.467985131538788,2.5183026831872,1.3679780591924,708
"709",2018-12-10,9.525,2.25391992101276,0.467985131538788,1.78593478947398,3.15391284866638,709
"710",2018-12-11,0,0,0.467985131538788,-0.467985131538788,2.68592771712759,710
"711",2018-12-12,0,0,0.467985131538788,-0.467985131538788,2.2179425855888,711
"712",2018-12-13,0,0,0.467985131538788,-0.467985131538788,1.74995745405001,712
"713",2018-12-14,44.323,3.79150372967888,0.467985131538788,3.32351859814009,5.07347605219011,713
"714",2018-12-15,46.863,3.84722845151698,0.467985131538788,3.37924331997819,8.4527193721683,714
"715",2018-12-16,0,0,0.467985131538788,-0.467985131538788,7.98473424062951,715
"716",2018-12-17,0,0,0.467985131538788,-0.467985131538788,7.51674910909073,716
"717",2018-12-18,0,0,0.467985131538788,-0.467985131538788,7.04876397755194,717
"718",2018-12-19,0,0,0.467985131538788,-0.467985131538788,6.58077884601315,718
"719",2018-12-20,26.797,3.28828994095252,0.467985131538788,2.82030480941373,9.40108365542689,719
"720",2018-12-21,16.256,2.78846207139607,0.467985131538788,2.32047693985728,11.7215605952842,720
"721",2018-12-22,1.778,0.575489137091713,0.467985131538788,0.107504005552925,11.8290646008371,721
"722",2018-12-23,0,0,0.467985131538788,-0.467985131538788,11.3610794692983,722
"723",2018-12-24,0,0,0.467985131538788,-0.467985131538788,10.8930943377595,723
"724",2018-12-25,0,0,0.467985131538788,-0.467985131538788,10.4251092062207,724
"725",2018-12-26,0,0,0.467985131538788,-0.467985131538788,9.95712407468194,725
"726",2018-12-27,0,0,0.467985131538788,-0.467985131538788,9.48913894314316,726
"727",2018-12-28,1.016,0.0158733491562902,0.467985131538788,-0.452111782382497,9.03702716076066,727
"728",2018-12-29,12.827,2.55155232431771,0.467985131538788,2.08356719277893,11.1205943535396,728
"729",2018-12-30,12.827,2.55155232431771,0.467985131538788,2.08356719277893,13.2041615463185,729
"730",2018-12-31,0.127,-2.06356819252355,0.467985131538788,-2.53155332406233,10.6726082222562,730
"731",2019-01-01,0,0,0.467985131538788,-0.467985131538788,10.2046230907174,731
